mesh_size,workers,control_dim,method,repetition,execution_time,num_control_points,points_per_second,memory_efficiency
10000,1,"(4, 4, 4)",process,0,0.0013174169580452144,64,7590611.263147863,485799120.8414632
10000,1,"(4, 4, 4)",process,1,0.0008958749822340906,64,11162271.743611451,714385391.5911329
10000,1,"(4, 4, 4)",process,2,0.001134791993536055,64,8812187.658144837,563980010.1212696
10000,1,"(4, 4, 4)",process,3,0.05707166698994115,64,175218.2917972677,11213970.675025133
10000,1,"(4, 4, 4)",process,4,0.07517345802625641,64,133025.67505285208,8513643.203382533
10000,1,"(6, 6, 6)",process,0,0.021908040973357856,216,456453.4096024787,98593936.4741354
10000,1,"(6, 6, 6)",process,1,0.009150541038252413,216,1092831.5558824944,236051616.07061878
10000,1,"(6, 6, 6)",process,2,0.003499042009934783,216,2857925.103959065,617311822.455158
10000,1,"(6, 6, 6)",process,3,0.002882292028516531,216,3469461.0750968345,749403592.2209163
10000,1,"(6, 6, 6)",process,4,0.006827500008512288,216,1464664.9560647893,316367630.5099945
10000,1,"(8, 8, 8)",process,0,0.010871875041630119,512,919804.5380128477,470939923.462578
10000,1,"(8, 8, 8)",process,1,0.004635290999431163,512,2157361.857373612,1104569270.9752893
10000,1,"(8, 8, 8)",process,2,0.001543042017146945,512,6480704.92499602,3318120921.5979624
10000,1,"(8, 8, 8)",process,3,0.004752458014991134,512,2104174.296428509,1077337239.7713966
10000,1,"(8, 8, 8)",process,4,0.005026000028010458,512,1989653.7891501964,1018702740.0449005
10000,1,"(10, 10, 10)",process,0,0.0030684579978697,1000,3258965.90630948,3258965906.30948
10000,1,"(10, 10, 10)",process,1,0.004964374995324761,1000,2014352.2617484736,2014352261.7484736
10000,1,"(10, 10, 10)",process,2,0.0026318749878555536,1000,3799572.5656209756,3799572565.6209755
10000,1,"(10, 10, 10)",process,3,0.01104175002546981,1000,905653.540148362,905653540.148362
10000,1,"(10, 10, 10)",process,4,0.0037839169963262975,1000,2642764.1012497707,2642764101.2497706
10000,2,"(4, 4, 4)",process,0,0.02537629200378433,64,394068.60539391317,25220390.745210443
10000,2,"(4, 4, 4)",process,1,0.006392166018486023,64,1564414.937140273,100122555.97697747
10000,2,"(4, 4, 4)",process,2,0.01840537501266226,64,543319.5462260533,34772450.95846741
10000,2,"(4, 4, 4)",process,3,0.002061166043858975,64,4851622.71608051,310503853.82915264
10000,2,"(4, 4, 4)",process,4,0.0028375419788062572,64,3524176.937183837,225547323.97976556
10000,2,"(6, 6, 6)",process,0,0.009584082989022136,216,1043396.6412284062,225373674.50533572
10000,2,"(6, 6, 6)",process,1,0.015394875023048371,216,649566.8191543317,140306432.93733567
10000,2,"(6, 6, 6)",process,2,0.006403417035471648,216,1561666.2079956883,337319900.92706865
10000,2,"(6, 6, 6)",process,3,0.008051417011301965,216,1242017.3971814853,268275757.79120085
10000,2,"(6, 6, 6)",process,4,0.012357875006273389,216,809200.6105356762,174787331.87570608
10000,2,"(8, 8, 8)",process,0,0.004495708039030433,512,2224343.732551781,1138863991.0665119
10000,2,"(8, 8, 8)",process,1,0.007045042002573609,512,1419437.953151581,726752232.0136095
10000,2,"(8, 8, 8)",process,2,0.006708833039738238,512,1490572.1965008352,763172964.6084276
10000,2,"(8, 8, 8)",process,3,0.009117416979279369,512,1096801.8708288134,561562557.8643525
10000,2,"(8, 8, 8)",process,4,0.002502957999240607,512,3995272.794443208,2045579670.7549224
10000,2,"(10, 10, 10)",process,0,0.009068500017747283,1000,1102718.1982058496,1102718198.2058496
10000,2,"(10, 10, 10)",process,1,0.0011177919805049896,1000,8946208.39512756,8946208395.12756
10000,2,"(10, 10, 10)",process,2,0.001930291997268796,1000,5180563.362511566,5180563362.511566
10000,2,"(10, 10, 10)",process,3,0.011907999985851347,1000,839771.5831274468,839771583.1274468
10000,2,"(10, 10, 10)",process,4,0.006328458955977112,1000,1580163.5231520599,1580163523.1520598
10000,4,"(4, 4, 4)",process,0,0.009734917024616152,64,1027230.1217065895,65742727.78922173
10000,4,"(4, 4, 4)",process,1,0.0032799580367282033,64,3048819.493427153,195124447.5793378
10000,4,"(4, 4, 4)",process,2,0.007035124988760799,64,1421438.8537482754,90972086.63988963
10000,4,"(4, 4, 4)",process,3,0.014789792010560632,64,676142.0304531337,43273089.94900056
10000,4,"(4, 4, 4)",process,4,0.01671533298213035,64,598253.1135150328,38288199.2649621
10000,4,"(6, 6, 6)",process,0,0.017215792031493038,216,580862.0353746659,125466199.64092784
10000,4,"(6, 6, 6)",process,1,0.014190291985869408,216,704707.1342829259,152216741.005112
10000,4,"(6, 6, 6)",process,2,0.011151625018101186,216,896730.2956984403,193693743.87086308
10000,4,"(6, 6, 6)",process,3,0.007742582994978875,216,1291558.6447681708,278976667.2699249
10000,4,"(6, 6, 6)",process,4,0.00785774999530986,216,1272628.9339784046,274887849.73933536
10000,4,"(8, 8, 8)",process,0,0.005464999994728714,512,1829826.1682791468,936870998.1589231
10000,4,"(8, 8, 8)",process,1,0.008524916018359363,512,1173032.0836550035,600592426.8313618
10000,4,"(8, 8, 8)",process,2,0.009443583025131375,512,1058920.1125661607,542167097.6338743
10000,4,"(8, 8, 8)",process,3,0.0052194169838912785,512,1915922.799589124,980952473.3896315
10000,4,"(8, 8, 8)",process,4,0.0012079579755663872,512,8278433.689144857,4238558048.842167
10000,4,"(10, 10, 10)",process,0,0.007941165997181088,1000,1259260.920065107,1259260920.065107
10000,4,"(10, 10, 10)",process,1,0.0387467080145143,1000,258086.44172439261,258086441.7243926
10000,4,"(10, 10, 10)",process,2,0.06046920799417421,1000,165373.42445370593,165373424.45370594
10000,4,"(10, 10, 10)",process,3,0.0342836250201799,1000,291684.44101561134,291684441.01561135
10000,4,"(10, 10, 10)",process,4,0.022387041011825204,1000,446686.99158222094,446686991.582221
10000,6,"(4, 4, 4)",process,0,0.013609291985630989,64,734792.082538771,47026693.28248134
10000,6,"(4, 4, 4)",process,1,0.015081542020197958,64,663062.1714018035,42435978.969715424
10000,6,"(4, 4, 4)",process,2,0.004675292002502829,64,2138903.836305131,136889845.5235284
10000,6,"(4, 4, 4)",process,3,0.00937529100337997,64,1066633.5579764734,68264547.7104943
10000,6,"(4, 4, 4)",process,4,0.015664416016079485,64,638389.5824609755,40856933.27750243
10000,6,"(6, 6, 6)",process,0,0.01086974999634549,216,919984.3605751827,198716621.88423946
10000,6,"(6, 6, 6)",process,1,0.004890541022177786,216,2044763.545516063,441668925.8314696
10000,6,"(6, 6, 6)",process,2,0.014469499990809709,216,691108.8846436637,149279519.08303136
10000,6,"(6, 6, 6)",process,3,0.0093775829882361,216,1066372.8609541184,230336537.96608958
10000,6,"(6, 6, 6)",process,4,0.014191374997608364,216,704653.3547091297,152205124.617172
10000,6,"(8, 8, 8)",process,0,0.014936082996428013,512,669519.5790215892,342794024.4590537
10000,6,"(8, 8, 8)",process,1,0.008028791984543204,512,1245517.3853366368,637704901.292358
10000,6,"(8, 8, 8)",process,2,0.008873665996361524,512,1126929.9525247298,576988135.6926616
10000,6,"(8, 8, 8)",process,3,0.008107708010356873,512,1233394.1956501014,631497828.1728519
10000,6,"(8, 8, 8)",process,4,0.020448166993446648,512,489041.3895389675,250389191.44395137
10000,6,"(10, 10, 10)",process,0,0.004932334006298333,1000,2027437.717565461,2027437717.5654612
10000,6,"(10, 10, 10)",process,1,0.011440542002674192,1000,874084.4618779889,874084461.8779888
10000,6,"(10, 10, 10)",process,2,0.010397833015304059,1000,961738.8532092689,961738853.2092689
10000,6,"(10, 10, 10)",process,3,0.0066719999886117876,1000,1498800.961790867,1498800961.7908669
10000,6,"(10, 10, 10)",process,4,0.004114124982152134,1000,2430650.5133854523,2430650513.3854523
10000,8,"(4, 4, 4)",process,0,0.008446082996670157,64,1183980.787773749,75774770.41751994
10000,8,"(4, 4, 4)",process,1,0.0022822089958935976,64,4381719.648810913,280430057.5238984
10000,8,"(4, 4, 4)",process,2,0.00882691703736782,64,1132898.378637304,72505496.23278746
10000,8,"(4, 4, 4)",process,3,0.005598000017926097,64,1786352.2629470662,114326544.82861224
10000,8,"(4, 4, 4)",process,4,0.00873474997933954,64,1144852.4598475262,73270557.43024167
10000,8,"(6, 6, 6)",process,0,0.007404332980513573,216,1350560.546955087,291721078.14229876
10000,8,"(6, 6, 6)",process,1,0.00829399999929592,216,1205690.860965626,260429225.96857524
10000,8,"(6, 6, 6)",process,2,0.003391916980035603,216,2948185.3650483615,636808038.8504461
10000,8,"(6, 6, 6)",process,3,0.005135915998835117,216,1947072.3435251107,420567626.2014239
10000,8,"(6, 6, 6)",process,4,0.007232874981127679,216,1382576.088497647,298636435.11549175
10000,8,"(8, 8, 8)",process,0,0.0033205419895239174,512,3011556.5565950726,1541916956.9766772
10000,8,"(8, 8, 8)",process,1,0.005734915961511433,512,1743704.7146135524,892776813.8821388
10000,8,"(8, 8, 8)",process,2,0.01762408303329721,512,567405.4066306305,290511568.1948828
10000,8,"(8, 8, 8)",process,3,0.005093250016216189,512,1963382.9025006455,1005252046.0803305
10000,8,"(8, 8, 8)",process,4,0.0039481669664382935,512,2532820.9483048194,1296804325.5320675
10000,8,"(10, 10, 10)",process,0,0.012174375005997717,1000,821397.4019260529,821397401.9260529
10000,8,"(10, 10, 10)",process,1,0.0031103339861147106,1000,3215088.8118904396,3215088811.8904395
10000,8,"(10, 10, 10)",process,2,0.021399415971245617,1000,467302.4728075287,467302472.8075287
10000,8,"(10, 10, 10)",process,3,0.013801000022795051,1000,724585.1737905256,724585173.7905256
10000,8,"(10, 10, 10)",process,4,0.002975541981868446,1000,3360732.2837100937,3360732283.7100935
10000,12,"(4, 4, 4)",process,0,0.0007102499948814511,64,14079549.555884354,901091171.5765986
10000,12,"(4, 4, 4)",process,1,0.0010342920431867242,64,9668449.125054969,618780744.003518
10000,12,"(4, 4, 4)",process,2,0.03903095796704292,64,256206.88091857315,16397240.378788682
10000,12,"(4, 4, 4)",process,3,0.044108583009801805,64,226713.24530597142,14509647.69958217
10000,12,"(4, 4, 4)",process,4,0.05361512501258403,64,186514.53293548967,11936930.107871339
10000,12,"(6, 6, 6)",process,0,0.010549083002842963,216,947949.6935709971,204757133.81133536
10000,12,"(6, 6, 6)",process,1,0.0017179169808514416,216,5821003.0586249605,1257336660.6629915
10000,12,"(6, 6, 6)",process,2,0.00835904199630022,216,1196309.338369885,258402817.08789518
10000,12,"(6, 6, 6)",process,3,0.014288250007666647,216,699875.7716749286,151173166.6817846
10000,12,"(6, 6, 6)",process,4,0.008480124990455806,216,1179227.9018593216,254713226.80161348
10000,12,"(8, 8, 8)",process,0,0.013147666002623737,512,760591.2713332091,389422730.9226031
10000,12,"(8, 8, 8)",process,1,0.01584020897280425,512,631304.8026808742,323228058.9726076
10000,12,"(8, 8, 8)",process,2,0.012837000016588718,512,778998.2072974541,398847082.1362965
10000,12,"(8, 8, 8)",process,3,0.007775624981150031,512,1286070.254705234,658467970.4090798
10000,12,"(8, 8, 8)",process,4,0.0034775000531226397,512,2875628.999924945,1472322047.961572
10000,12,"(10, 10, 10)",process,0,0.0039547079941257834,1000,2528631.7004577154,2528631700.457715
10000,12,"(10, 10, 10)",process,1,0.0021756660426035523,1000,4596293.642581887,4596293642.581886
10000,12,"(10, 10, 10)",process,2,0.008213209046516567,1000,1217550.8919064049,1217550891.906405
10000,12,"(10, 10, 10)",process,3,0.003121624991763383,1000,3203459.74496798,3203459744.96798
10000,12,"(10, 10, 10)",process,4,0.01439708296675235,1000,694585.1477756518,694585147.7756517
50000,1,"(4, 4, 4)",process,0,0.007157167012337595,64,6986004.36650556,447104279.45635587
50000,1,"(4, 4, 4)",process,1,0.004467999970074743,64,11190689.421415456,716204122.9705892
50000,1,"(4, 4, 4)",process,2,0.0023972089984454215,64,20857588.98470044,1334885695.0208282
50000,1,"(4, 4, 4)",process,3,0.009404500015079975,64,5316603.744997155,340262639.6798179
50000,1,"(4, 4, 4)",process,4,0.007873499998822808,64,6350415.953194343,406426621.0044379
50000,1,"(6, 6, 6)",process,0,0.008385625027585775,216,5962584.760887529,1287918308.351706
50000,1,"(6, 6, 6)",process,1,0.010782499972265214,216,4637143.5315196095,1001623002.8082355
50000,1,"(6, 6, 6)",process,2,0.007695708016399294,216,6497127.995689505,1403379647.068933
50000,1,"(6, 6, 6)",process,3,0.006712333008181304,216,7448974.885342797,1608978575.234044
50000,1,"(6, 6, 6)",process,4,0.010936958016827703,216,4571655.109498413,987477503.6516572
50000,1,"(8, 8, 8)",process,0,0.005337708978913724,512,9367314.740747722,4796065147.262834
50000,1,"(8, 8, 8)",process,1,0.0030177910230122507,512,16568410.343434514,8483026095.838471
50000,1,"(8, 8, 8)",process,2,0.011181292007677257,512,4471755.139358599,2289538631.3516026
50000,1,"(8, 8, 8)",process,3,0.006656999990809709,512,7510890.802017015,3845576090.632712
50000,1,"(8, 8, 8)",process,4,0.010448541026562452,512,4785357.101330145,2450102835.8810344
50000,1,"(10, 10, 10)",process,0,0.007952457992359996,1000,6287364.23984075,6287364239.84075
50000,1,"(10, 10, 10)",process,1,0.005719749955460429,1000,8741640.874050252,8741640874.050253
50000,1,"(10, 10, 10)",process,2,0.0098957089940086,1000,5052695.065131029,5052695065.131029
50000,1,"(10, 10, 10)",process,3,0.009069124993402511,1000,5513211.035945954,5513211035.945954
50000,1,"(10, 10, 10)",process,4,0.0036564169568009675,1000,13674589.24699481,13674589246.99481
50000,2,"(4, 4, 4)",process,0,0.014987458009272814,64,3336122.7747270255,213511857.58252963
50000,2,"(4, 4, 4)",process,1,0.009575207950547338,64,5221818.707043528,334196397.25078577
50000,2,"(4, 4, 4)",process,2,0.008243249962106347,64,6065568.826597102,388196404.9022145
50000,2,"(4, 4, 4)",process,3,0.012245249992702156,64,4083215.9433085215,261325820.37174538
50000,2,"(4, 4, 4)",process,4,0.016135791956912726,64,3098701.330155631,198316885.1299604
50000,2,"(6, 6, 6)",process,0,0.008713292016182095,216,5738359.268476407,1239485601.9909039
50000,2,"(6, 6, 6)",process,1,0.002499625028576702,216,20003000.221385296,4320648047.819224
50000,2,"(6, 6, 6)",process,2,0.01382587500847876,216,3616407.639251573,781144050.0783398
50000,2,"(6, 6, 6)",process,3,0.011581459024455398,216,4317245.339677846,932524993.3704147
50000,2,"(6, 6, 6)",process,4,0.011054083006456494,216,4523215.536810777,977014555.9511279
50000,2,"(8, 8, 8)",process,0,0.005115374980960041,512,9774454.499641808,5004520703.816606
50000,2,"(8, 8, 8)",process,1,0.07995066599687561,512,625385.6597261359,320197457.7797816
50000,2,"(8, 8, 8)",process,2,0.0569427500013262,512,878074.9085499997,449574353.17759985
50000,2,"(8, 8, 8)",process,3,0.0019138749921694398,512,26125008.270954713,13376004234.728813
50000,2,"(8, 8, 8)",process,4,0.0020624169846996665,512,24243400.035459418,12412620818.155222
50000,2,"(10, 10, 10)",process,0,0.0025127079570665956,1000,19898850.504843935,19898850504.843937
50000,2,"(10, 10, 10)",process,1,0.002848167030606419,1000,17555150.19403698,17555150194.03698
50000,2,"(10, 10, 10)",process,2,0.002622124971821904,1000,19068503.80409558,19068503804.09558
50000,2,"(10, 10, 10)",process,3,0.00260508299106732,1000,19193246.49980332,19193246499.803318
50000,2,"(10, 10, 10)",process,4,0.002181457995902747,1000,22920450.49407822,22920450494.07822
50000,4,"(4, 4, 4)",process,0,0.002127332962118089,64,23503607.98725991,1504230911.1846342
50000,4,"(4, 4, 4)",process,1,0.0027209999971091747,64,18375597.226431694,1176038222.4916284
50000,4,"(4, 4, 4)",process,2,0.0018896249821409583,64,26460276.759968348,1693457712.6379743
50000,4,"(4, 4, 4)",process,3,0.00220604200148955,64,22665026.307857834,1450561683.7029014
50000,4,"(4, 4, 4)",process,4,0.00205875001847744,64,24286581.445656903,1554341212.5220418
50000,4,"(6, 6, 6)",process,0,0.002945584012195468,216,16974562.529191926,3666505506.3054557
50000,4,"(6, 6, 6)",process,1,0.00470554200001061,216,10625768.508683434,2295165997.875622
50000,4,"(6, 6, 6)",process,2,0.0030834999633952975,216,16215339.903861746,3502513419.234137
50000,4,"(6, 6, 6)",process,3,0.002410624991171062,216,20741509.020741716,4480165948.48021
50000,4,"(6, 6, 6)",process,4,0.0021307090064510703,216,23466367.22734865,5068735321.107308
50000,4,"(8, 8, 8)",process,0,0.0023516659857705235,512,21261522.810866993,10885899679.1639
50000,4,"(8, 8, 8)",process,1,0.0032254999969154596,512,15501472.654724823,7936753999.21911
50000,4,"(8, 8, 8)",process,2,0.00335612497292459,512,14898134.128905535,7627844673.999634
50000,4,"(8, 8, 8)",process,3,0.002754041983280331,512,18155133.54681876,9295428375.971205
50000,4,"(8, 8, 8)",process,4,0.0022331670043058693,512,22389727.191738352,11463540322.170036
50000,4,"(10, 10, 10)",process,0,0.002228124998509884,1000,22440392.721879963,22440392721.879963
50000,4,"(10, 10, 10)",process,1,0.0021049589850008488,1000,23753431.94631407,23753431946.31407
50000,4,"(10, 10, 10)",process,2,0.0018412910285405815,1000,27154859.946083758,27154859946.083755
50000,4,"(10, 10, 10)",process,3,0.0018044590251520276,1000,27709135.70386418,27709135703.86418
50000,4,"(10, 10, 10)",process,4,0.0017487920122221112,1000,28591164.44411663,28591164444.11663
50000,6,"(4, 4, 4)",process,0,0.0018927499768324196,64,26416589.94162381,1690661756.263924
50000,6,"(4, 4, 4)",process,1,0.0014537500101141632,64,34393808.875071645,2201203768.0045853
50000,6,"(4, 4, 4)",process,2,0.0018521660240367055,64,26995420.14653062,1727706889.3779597
50000,6,"(4, 4, 4)",process,3,0.0019309999770484865,64,25893319.831326194,1657172469.2048764
50000,6,"(4, 4, 4)",process,4,0.0019352920353412628,64,25835894.059876688,1653497219.832108
50000,6,"(6, 6, 6)",process,0,0.002273291989695281,216,21994534.897693522,4750819537.901801
50000,6,"(6, 6, 6)",process,1,0.0026082079857587814,216,19170250.33011467,4140774071.304769
50000,6,"(6, 6, 6)",process,2,0.0024914590176194906,216,20068562.094099145,4334809412.325415
50000,6,"(6, 6, 6)",process,3,0.0024793330230750144,216,20166714.005199295,4356010225.123048
50000,6,"(6, 6, 6)",process,4,0.0021428329637274146,216,23333596.620161194,5040056869.954819
50000,6,"(8, 8, 8)",process,0,0.0022378750145435333,512,22342623.996004827,11439423485.954472
50000,6,"(8, 8, 8)",process,1,0.002182958007324487,512,22904700.79233536,11727206805.675705
50000,6,"(8, 8, 8)",process,2,0.00224229198647663,512,22298612.447242547,11416889572.988184
50000,6,"(8, 8, 8)",process,3,0.001927834004163742,512,25935842.967812497,13279151599.519999
50000,6,"(8, 8, 8)",process,4,0.0018166660447604954,512,27522945.201847415,14091747943.345877
50000,6,"(10, 10, 10)",process,0,0.00268137501552701,1000,18647149.209068306,18647149209.068306
50000,6,"(10, 10, 10)",process,1,0.0027854159707203507,1000,17950640.236714534,17950640236.714535
50000,6,"(10, 10, 10)",process,2,0.0033312090090475976,1000,15009565.555388296,15009565555.388296
50000,6,"(10, 10, 10)",process,3,0.004013624973595142,1000,12457566.496356852,12457566496.356852
50000,6,"(10, 10, 10)",process,4,0.002440083015244454,1000,20491106.11713793,20491106117.13793
50000,8,"(4, 4, 4)",process,0,0.002229166973847896,64,22429903.451194625,1435513820.876456
50000,8,"(4, 4, 4)",process,1,0.0020788749679923058,64,24051470.516424563,1539294113.051172
50000,8,"(4, 4, 4)",process,2,0.0023510000319220126,64,21267545.43645136,1361122907.932887
50000,8,"(4, 4, 4)",process,3,0.002310333016794175,64,21641901.681074597,1385081707.5887742
50000,8,"(4, 4, 4)",process,4,0.0026196669787168503,64,19086395.486990757,1221529311.1674085
50000,8,"(6, 6, 6)",process,0,0.0025205000420100987,216,19837333.531692784,4284864042.845641
50000,8,"(6, 6, 6)",process,1,0.002416832954622805,216,20688231.639825307,4468658034.202267
50000,8,"(6, 6, 6)",process,2,0.0014312919811345637,216,34933473.15504818,7545630201.490406
50000,8,"(6, 6, 6)",process,3,0.0016098340274766088,216,31059102.45814239,6708766130.9587555
50000,8,"(6, 6, 6)",process,4,0.0015508750220760703,216,32239864.133647453,6963810652.867849
50000,8,"(8, 8, 8)",process,0,0.00253499997779727,512,19723866.050462987,10098619417.83705
50000,8,"(8, 8, 8)",process,1,0.0024832080234773457,512,20135244.219283246,10309245040.273022
50000,8,"(8, 8, 8)",process,2,0.0018607910024002194,512,26870293.297584414,13757590168.36322
50000,8,"(8, 8, 8)",process,3,0.0021490840008482337,512,23265726.225808404,11912051827.613903
50000,8,"(8, 8, 8)",process,4,0.0019218340166844428,512,26016814.96212677,13320609260.608906
50000,8,"(10, 10, 10)",process,0,0.001978708023671061,1000,25269013.619925547,25269013619.92555
50000,8,"(10, 10, 10)",process,1,0.0020621660514734685,1000,24246350.076548766,24246350076.548767
50000,8,"(10, 10, 10)",process,2,0.0019582919776439667,1000,25532454.082845867,25532454082.845863
50000,8,"(10, 10, 10)",process,3,0.0022365000331774354,1000,22356360.052883215,22356360052.883213
50000,8,"(10, 10, 10)",process,4,0.002086082997266203,1000,23968365.623766955,23968365623.766956
50000,12,"(4, 4, 4)",process,0,0.0016068329568952322,64,31117111.324758615,1991495124.7845514
50000,12,"(4, 4, 4)",process,1,0.001805208041332662,64,27697638.640634686,1772648873.00062
50000,12,"(4, 4, 4)",process,2,0.0019777919515036047,64,25280717.70237906,1617965932.9522598
50000,12,"(4, 4, 4)",process,3,0.0018437090329825878,64,27119246.641165752,1735631785.0346081
50000,12,"(4, 4, 4)",process,4,0.0016735410317778587,64,29876769.706018694,1912113261.1851964
50000,12,"(6, 6, 6)",process,0,0.0017535840161144733,216,28513033.61602722,6158815261.06188
50000,12,"(6, 6, 6)",process,1,0.0018431659555062652,216,27127237.159860857,5859483226.529945
50000,12,"(6, 6, 6)",process,2,0.0023807500256225467,216,21001784.925708614,4536385543.953061
50000,12,"(6, 6, 6)",process,3,0.001936499960720539,216,25819778.47363128,5577072150.304358
50000,12,"(6, 6, 6)",process,4,0.0024151660036295652,216,20702510.686577603,4471742308.300762
50000,12,"(8, 8, 8)",process,0,0.0023082090192474425,512,21661816.405301876,11090849999.51456
50000,12,"(8, 8, 8)",process,1,0.0020873749745078385,512,23953530.44403965,12264207587.3483
50000,12,"(8, 8, 8)",process,2,0.0016227500163950026,512,30811893.079549488,15775689256.729338
50000,12,"(8, 8, 8)",process,3,0.001872709020972252,512,26699289.339697614,13670036141.925179
50000,12,"(8, 8, 8)",process,4,0.002296874998137355,512,21768707.500646476,11145578240.330996
50000,12,"(10, 10, 10)",process,0,0.002111417008563876,1000,23680779.209981136,23680779209.981136
50000,12,"(10, 10, 10)",process,1,0.002298999985214323,1000,21748586.481760584,21748586481.760582
50000,12,"(10, 10, 10)",process,2,0.00200133299222216,1000,24983348.695252858,24983348695.252857
50000,12,"(10, 10, 10)",process,3,0.0023410829599015415,1000,21357636.981007647,21357636981.007645
50000,12,"(10, 10, 10)",process,4,0.0017785000381991267,1000,28113578.254757304,28113578254.7573
100000,1,"(4, 4, 4)",process,0,0.0027101670275442302,64,36898094.83462472,2361478069.4159822
100000,1,"(4, 4, 4)",process,1,0.002382459002546966,64,41973440.001735635,2686300160.1110806
100000,1,"(4, 4, 4)",process,2,0.0025862500187940896,64,38666021.95197963,2474625404.9266963
100000,1,"(4, 4, 4)",process,3,0.003156792023219168,64,31677728.2964698,2027374610.9740672
100000,1,"(4, 4, 4)",process,4,0.0026689580408856273,64,37467805.21390943,2397939533.6902037
100000,1,"(6, 6, 6)",process,0,0.002880499989259988,216,34716195.23445664,7498698170.642634
100000,1,"(6, 6, 6)",process,1,0.002424250007607043,216,41249870.964715056,8909972128.378452
100000,1,"(6, 6, 6)",process,2,0.002671333961188793,216,37434480.844730526,8085847862.461794
100000,1,"(6, 6, 6)",process,3,0.0026881249505095184,216,37200651.69628576,8035340766.397725
100000,1,"(6, 6, 6)",process,4,0.00237950001610443,216,42025635.35330998,9077537236.314957
100000,1,"(8, 8, 8)",process,0,0.0033210840192623436,512,30110650.44425203,15416653027.457039
100000,1,"(8, 8, 8)",process,1,0.0030777500360272825,512,32491267.591398887,16635529006.79623
100000,1,"(8, 8, 8)",process,2,0.0029363329522311687,512,34056083.43018973,17436714716.25714
100000,1,"(8, 8, 8)",process,3,0.0024912499939091504,512,40140491.81916295,20551931811.41143
100000,1,"(8, 8, 8)",process,4,0.002742875018157065,512,36458095.73459527,18666545016.112778
100000,1,"(10, 10, 10)",process,0,0.002623167005367577,1000,38121857.966106616,38121857966.10661
100000,1,"(10, 10, 10)",process,1,0.002404000028036535,1000,41597337.285255745,41597337285.255745
100000,1,"(10, 10, 10)",process,2,0.0025558749912306666,1000,39125544.22383917,39125544223.83917
100000,1,"(10, 10, 10)",process,3,0.002371333015616983,1000,42170373.937960625,42170373937.960625
100000,1,"(10, 10, 10)",process,4,0.0024002499994821846,1000,41662326.84994204,41662326849.94205
100000,2,"(4, 4, 4)",process,0,0.003236000018659979,64,30902348.400297534,1977750297.6190422
100000,2,"(4, 4, 4)",process,1,0.0024220829945988953,64,41286776.80450843,2642353715.4885397
100000,2,"(4, 4, 4)",process,2,0.002778333961032331,64,35992793.3079879,2303538771.7112255
100000,2,"(4, 4, 4)",process,3,0.0026678330032154918,64,37483605.56281888,2398950756.020408
100000,2,"(4, 4, 4)",process,4,0.0029061249806545675,64,34410082.38313147,2202245272.520414
100000,2,"(6, 6, 6)",process,0,0.002596958016511053,216,38506590.92839223,8317423640.532722
100000,2,"(6, 6, 6)",process,1,0.0028762920410372317,216,34766984.21900809,7509668591.305747
100000,2,"(6, 6, 6)",process,2,0.0031256669899448752,216,31993171.480421726,6910525039.771092
100000,2,"(6, 6, 6)",process,3,0.002674749994184822,216,37386671.73283864,8075521094.293146
100000,2,"(6, 6, 6)",process,4,0.0028790420037694275,216,34733775.98141102,7502495611.98478
100000,2,"(8, 8, 8)",process,0,0.0027864169678650796,512,35888383.23670518,18374852217.19305
100000,2,"(8, 8, 8)",process,1,0.0034597080084495246,512,28904173.3451995,14798936752.742144
100000,2,"(8, 8, 8)",process,2,0.0024690830032341182,512,40500866.057971895,20736443421.68161
100000,2,"(8, 8, 8)",process,3,0.002665958018042147,512,37509968.020216234,19205103626.35071
100000,2,"(8, 8, 8)",process,4,0.003136417013593018,512,31883515.350990254,16324359859.70701
100000,2,"(10, 10, 10)",process,0,0.0032256669946946204,1000,31001340.23892543,31001340238.92543
100000,2,"(10, 10, 10)",process,1,0.0033455409575253725,1000,29890532.284491275,29890532284.491276
100000,2,"(10, 10, 10)",process,2,0.002531625039409846,1000,39500320.325205535,39500320325.205536
100000,2,"(10, 10, 10)",process,3,0.002569457981735468,1000,38918713.87305498,38918713873.05498
100000,2,"(10, 10, 10)",process,4,0.002655833028256893,1000,37652969.49621609,37652969496.21609
100000,4,"(4, 4, 4)",process,0,0.0030109589570201933,64,33212010.335393403,2125568661.4651778
100000,4,"(4, 4, 4)",process,1,0.0034170839935541153,64,29264718.15988047,1872941962.23235
100000,4,"(4, 4, 4)",process,2,0.0028197920182719827,64,35463608.43353324,2269670939.746127
100000,4,"(4, 4, 4)",process,3,0.0036264999653212726,64,27574796.89956125,1764787001.57192
100000,4,"(4, 4, 4)",process,4,0.003045083023607731,64,32839827.099861056,2101748934.3911076
100000,4,"(6, 6, 6)",process,0,0.0030334159964695573,216,32966134.587667845,7120685070.9362545
100000,4,"(6, 6, 6)",process,1,0.002923124993685633,216,34209963.725812025,7389352164.775397
100000,4,"(6, 6, 6)",process,2,0.003175124991685152,216,31494823.120940015,6802881794.123043
100000,4,"(6, 6, 6)",process,3,0.0030805839924141765,216,32461377.533041228,7011657547.136906
100000,4,"(6, 6, 6)",process,4,0.002648916037287563,216,37751290.940273814,8154278843.099144
100000,4,"(8, 8, 8)",process,0,0.0025407919893041253,512,39357806.707895085,20151197034.442284
100000,4,"(8, 8, 8)",process,1,0.003512500028591603,512,28469750.657937136,14576512336.863813
100000,4,"(8, 8, 8)",process,2,0.003086542012169957,512,32398716.62388168,16588142911.42742
100000,4,"(8, 8, 8)",process,3,0.003154000034555793,512,31705770.102847803,16233354292.658075
100000,4,"(8, 8, 8)",process,4,0.0032688339706510305,512,30591948.351565775,15663077556.001677
100000,4,"(10, 10, 10)",process,0,0.002634542004670948,1000,37957261.57438508,37957261574.38508
100000,4,"(10, 10, 10)",process,1,0.002665958018042147,1000,37509968.020216234,37509968020.21624
100000,4,"(10, 10, 10)",process,2,0.0028075420414097607,1000,35618344.63208489,35618344632.084885
100000,4,"(10, 10, 10)",process,3,0.00298400002066046,1000,33512064.111134496,33512064111.1345
100000,4,"(10, 10, 10)",process,4,0.0025287920143455267,1000,39544572.836639896,39544572836.63989
100000,6,"(4, 4, 4)",process,0,0.003808458975981921,64,26257339.420130517,1680469722.888353
100000,6,"(4, 4, 4)",process,1,0.004667542001698166,64,21424552.786802463,1371171378.3553576
100000,6,"(4, 4, 4)",process,2,0.002634459000546485,64,37958457.49706344,2429341279.8120604
100000,6,"(4, 4, 4)",process,3,0.0026117500383406878,64,38288503.31463289,2450464212.136505
100000,6,"(4, 4, 4)",process,4,0.0025543750380165875,64,39148519.11395425,2505505223.293072
100000,6,"(6, 6, 6)",process,0,0.002760250004939735,216,36228602.416824676,7825378122.03413
100000,6,"(6, 6, 6)",process,1,0.0028648750158026814,216,34905536.69824998,7539595926.821997
100000,6,"(6, 6, 6)",process,2,0.0026545830187387764,216,37670699.80260447,8136871157.362565
100000,6,"(6, 6, 6)",process,3,0.00269349996233359,216,37126415.963771604,8019305848.174666
100000,6,"(6, 6, 6)",process,4,0.002626208995934576,216,38077700.653223716,8224783341.096323
100000,6,"(8, 8, 8)",process,0,0.0027766249841079116,512,36014946.40880663,18439652561.308994
100000,6,"(8, 8, 8)",process,1,0.002562957990448922,512,39017416.73982109,19976917370.7884
100000,6,"(8, 8, 8)",process,2,0.002855417027603835,512,35021154.189837016,17930830945.196552
100000,6,"(8, 8, 8)",process,3,0.002989790984429419,512,33447154.17257983,17124942936.360872
100000,6,"(8, 8, 8)",process,4,0.00274845800595358,512,36384037.80715758,18628627357.264683
100000,6,"(10, 10, 10)",process,0,0.002800000016577542,1000,35714285.50283748,35714285502.83748
100000,6,"(10, 10, 10)",process,1,0.0030818749801255763,1000,32447779.564349923,32447779564.349922
100000,6,"(10, 10, 10)",process,2,0.0031354170059785247,1000,31893684.256136525,31893684256.136528
100000,6,"(10, 10, 10)",process,3,0.002595666970591992,1000,38525743.53064756,38525743530.64756
100000,6,"(10, 10, 10)",process,4,0.002514874970074743,1000,39763408.19719875,39763408197.19875
100000,8,"(4, 4, 4)",process,0,0.002613500051666051,64,38262865.13223985,2448823368.4633503
100000,8,"(4, 4, 4)",process,1,0.0033422920387238264,64,29919587.76833355,1914853617.1733472
100000,8,"(4, 4, 4)",process,2,0.0025784590397961438,64,38782853.811750345,2482102643.952022
100000,8,"(4, 4, 4)",process,3,0.0026166249881498516,64,38217169.23627923,2445898831.1218705
100000,8,"(4, 4, 4)",process,4,0.0028209160082042217,64,35449478.0096836,2268766592.6197505
100000,8,"(6, 6, 6)",process,0,0.003000958007760346,216,33322692.200758684,7197701515.363876
100000,8,"(6, 6, 6)",process,1,0.002934124961029738,216,34081711.35455143,7361649652.583109
100000,8,"(6, 6, 6)",process,2,0.0028686660225503147,216,34859408.24547346,7529632181.022268
100000,8,"(6, 6, 6)",process,3,0.002527250035200268,216,39568700.60626022,8546839330.952207
100000,8,"(6, 6, 6)",process,4,0.0031441670143976808,216,31804926.246628385,6869864069.27173
100000,8,"(8, 8, 8)",process,0,0.002719417039770633,512,36772587.11611015,18827564603.4484
100000,8,"(8, 8, 8)",process,1,0.0028330000350251794,512,35298269.948348664,18072714213.554516
100000,8,"(8, 8, 8)",process,2,0.0027782079996541142,512,35994425.18790888,18429145696.209347
100000,8,"(8, 8, 8)",process,3,0.0029332079575397074,512,34092366.25823053,17455291524.21403
100000,8,"(8, 8, 8)",process,4,0.0025613330071792006,512,39042170.5103196,19989591301.283634
100000,8,"(10, 10, 10)",process,0,0.0031484999926760793,1000,31761156.179963853,31761156179.963852
100000,8,"(10, 10, 10)",process,1,0.0029619159759022295,1000,33761930.05256977,33761930052.56977
100000,8,"(10, 10, 10)",process,2,0.0031217079958878458,1000,32033745.671192728,32033745671.192726
100000,8,"(10, 10, 10)",process,3,0.002497042005416006,1000,40047383.977963984,40047383977.96398
100000,8,"(10, 10, 10)",process,4,0.0026303339982405305,1000,38017985.57403413,38017985574.03413
100000,12,"(4, 4, 4)",process,0,0.003121624991763383,64,32034597.4496798,2050214236.7795072
100000,12,"(4, 4, 4)",process,1,0.0027864580042660236,64,35887854.70547253,2296822701.150242
100000,12,"(4, 4, 4)",process,2,0.0032013750169426203,64,31236577.86756332,1999140983.5240524
100000,12,"(4, 4, 4)",process,3,0.0029502909746952355,64,33894961.83857932,2169277557.6690764
100000,12,"(4, 4, 4)",process,4,0.0026122910203412175,64,38280574.10959442,2449956743.014043
100000,12,"(6, 6, 6)",process,0,0.003222125000320375,216,31035419.16904435,6703650540.513579
100000,12,"(6, 6, 6)",process,1,0.0028244160348549485,216,35405548.88725366,7647598559.64679
100000,12,"(6, 6, 6)",process,2,0.0031347080366685987,216,31900897.573311068,6890593875.835191
100000,12,"(6, 6, 6)",process,3,0.0033119580475613475,216,30193619.171484295,6521821741.040608
100000,12,"(6, 6, 6)",process,4,0.0031963749788701534,216,31285440.744924035,6757655200.903591
100000,12,"(8, 8, 8)",process,0,0.0026930419844575226,512,37132729.6704376,19011957591.26405
100000,12,"(8, 8, 8)",process,1,0.003023833967745304,512,33070598.804921865,16932146588.119995
100000,12,"(8, 8, 8)",process,2,0.0030034580267965794,512,33294955.05108082,17047016986.15338
100000,12,"(8, 8, 8)",process,3,0.0029985420405864716,512,33349540.758962125,17074964868.588608
100000,12,"(8, 8, 8)",process,4,0.0027198329917155206,512,36766963.37774972,18824685249.407856
100000,12,"(10, 10, 10)",process,0,0.003405916038900614,1000,29360676.7923377,29360676792.3377
100000,12,"(10, 10, 10)",process,1,0.0026969999889843166,1000,37078235.22745351,37078235227.45351
100000,12,"(10, 10, 10)",process,2,0.00326866697287187,1000,30593511.30902743,30593511309.027428
100000,12,"(10, 10, 10)",process,3,0.002626082976348698,1000,38079527.91310496,38079527913.10496
100000,12,"(10, 10, 10)",process,4,0.002572041004896164,1000,38879628.98322342,38879628983.22343
250000,1,"(4, 4, 4)",process,0,0.005026749975513667,64,49733923.75148982,3182971120.0953484
250000,1,"(4, 4, 4)",process,1,0.023211541993077844,64,10770503.746565184,689312239.7801718
250000,1,"(4, 4, 4)",process,2,0.03213062504073605,64,7780738.771282645,497967281.3620893
250000,1,"(4, 4, 4)",process,3,0.021435125032439828,64,11663099.684356917,746438379.7988427
250000,1,"(4, 4, 4)",process,4,0.05672595795476809,64,4407153.4269962255,282057819.32775843
250000,1,"(6, 6, 6)",process,0,0.005724999995436519,216,43668122.30555085,9432314417.998983
250000,1,"(6, 6, 6)",process,1,0.005177667015232146,216,48284294.695762895,10429407654.284786
250000,1,"(6, 6, 6)",process,2,0.004926041990984231,216,50750683.90759893,10962147724.041368
250000,1,"(6, 6, 6)",process,3,0.004884582944214344,216,51181442.27566413,11055191531.543453
250000,1,"(6, 6, 6)",process,4,0.004987250023987144,216,50127825.7150888,10827610354.45918
250000,1,"(8, 8, 8)",process,0,0.005400958005338907,512,46288084.40148437,23699499213.559998
250000,1,"(8, 8, 8)",process,1,0.00577020802302286,512,43325994.31467838,22182909089.11533
250000,1,"(8, 8, 8)",process,2,0.005415500025264919,512,46163788.90844347,23635859921.12306
250000,1,"(8, 8, 8)",process,3,0.00553991599008441,512,45127038.10806178,23105043511.327633
250000,1,"(8, 8, 8)",process,4,0.005117207998409867,512,48854766.12982813,25013640258.472004
250000,1,"(10, 10, 10)",process,0,0.005406125041190535,1000,46243843.43595299,46243843435.95299
250000,1,"(10, 10, 10)",process,1,0.0053508339915424585,1000,46721688.69285622,46721688692.85622
250000,1,"(10, 10, 10)",process,2,0.005805416963994503,1000,43063228.97227072,43063228972.27072
250000,1,"(10, 10, 10)",process,3,0.005486082984134555,1000,45569853.887188,45569853887.188
250000,1,"(10, 10, 10)",process,4,0.0053363750339485705,1000,46848281.54122748,46848281541.227486
250000,2,"(4, 4, 4)",process,0,0.005546792002860457,64,45071096.92793169,2884550203.387628
250000,2,"(4, 4, 4)",process,1,0.005264583975076675,64,47487133.11128424,3039176519.1221914
250000,2,"(4, 4, 4)",process,2,0.005384249961934984,64,46431722.48083285,2971630238.7733026
250000,2,"(4, 4, 4)",process,3,0.005477709055412561,64,45639517.81136922,2920929139.92763
250000,2,"(4, 4, 4)",process,4,0.005530084017664194,64,45207269.763253145,2893265264.8482013
250000,2,"(6, 6, 6)",process,0,0.005531999981030822,216,45191612.59169338,9761388319.805769
250000,2,"(6, 6, 6)",process,1,0.005459417006932199,216,45792435.28797264,9891166022.20209
250000,2,"(6, 6, 6)",process,2,0.005386000033468008,216,46416635.43381502,10025993253.704042
250000,2,"(6, 6, 6)",process,3,0.005501749983523041,216,45440087.38105411,9815058874.307688
250000,2,"(6, 6, 6)",process,4,0.005678666988387704,216,44024416.38349714,9509273938.835382
250000,2,"(8, 8, 8)",process,0,0.005367040983401239,512,46580602.0064278,23849268227.291035
250000,2,"(8, 8, 8)",process,1,0.005642792035359889,512,44304308.65312855,22683806030.401817
250000,2,"(8, 8, 8)",process,2,0.0055731250322423875,512,44858135.88492391,22967365573.081043
250000,2,"(8, 8, 8)",process,3,0.005933167005423456,512,42136012.65082833,21573638477.224106
250000,2,"(8, 8, 8)",process,4,0.005479499988723546,512,45624600.878635585,23359795649.86142
250000,2,"(10, 10, 10)",process,0,0.005687874974682927,1000,43953146.14205921,43953146142.059204
250000,2,"(10, 10, 10)",process,1,0.005326709011569619,1000,46933293.98264475,46933293982.64475
250000,2,"(10, 10, 10)",process,2,0.005429250013548881,1000,46046875.604570866,46046875604.57086
250000,2,"(10, 10, 10)",process,3,0.005677542008925229,1000,44033139.62397709,44033139623.97709
250000,2,"(10, 10, 10)",process,4,0.005363000032957643,1000,46615699.88134559,46615699881.34559
250000,4,"(4, 4, 4)",process,0,0.00548500003060326,64,45578851.15863967,2917046474.152939
250000,4,"(4, 4, 4)",process,1,0.005378333036787808,64,46482803.92642098,2974899451.2909427
250000,4,"(4, 4, 4)",process,2,0.005244999949354678,64,47664442.786269024,3050524338.3212175
250000,4,"(4, 4, 4)",process,3,0.005576958006713539,64,44827305.441254914,2868947548.2403145
250000,4,"(4, 4, 4)",process,4,0.005344542034436017,64,46776692.63132314,2993708328.4046807
250000,4,"(6, 6, 6)",process,0,0.0050575839704833925,216,49430716.61469727,10677034788.77461
250000,4,"(6, 6, 6)",process,1,0.005362124997191131,216,46623307.01558781,10070634315.366966
250000,4,"(6, 6, 6)",process,2,0.005255207943264395,216,47571856.85114996,10275521079.84839
250000,4,"(6, 6, 6)",process,3,0.00564650003798306,216,44275214.43695951,9563446318.383255
250000,4,"(6, 6, 6)",process,4,0.00575675000436604,216,43427280.98499931,9380292692.75985
250000,4,"(8, 8, 8)",process,0,0.005739542015362531,512,43557482.344557606,22301430960.413494
250000,4,"(8, 8, 8)",process,1,0.0055810000048950315,512,44794839.595185064,22934957872.734753
250000,4,"(8, 8, 8)",process,2,0.0052690000156871974,512,47447333.31859638,24293034659.121346
250000,4,"(8, 8, 8)",process,3,0.00530683301622048,512,47109076.022529475,24119846923.53509
250000,4,"(8, 8, 8)",process,4,0.0058629579725675285,512,42640592.20102495,21831983206.924774
250000,4,"(10, 10, 10)",process,0,0.005785125016700476,1000,43214277.87269955,43214277872.69955
250000,4,"(10, 10, 10)",process,1,0.006040499953087419,1000,41387302.69705905,41387302697.05905
250000,4,"(10, 10, 10)",process,2,0.005485958012286574,1000,45570891.982784025,45570891982.78403
250000,4,"(10, 10, 10)",process,3,0.006350875017233193,1000,39364654.36992876,39364654369.92876
250000,4,"(10, 10, 10)",process,4,0.0057475829962641,1000,43496544.57578059,43496544575.780594
250000,6,"(4, 4, 4)",process,0,0.005654832988511771,64,44209970.56993447,2829438116.475806
250000,6,"(4, 4, 4)",process,1,0.005757416016422212,64,43422257.36109923,2779024471.1103506
250000,6,"(4, 4, 4)",process,2,0.005794042022898793,64,43147771.28159722,2761457362.022222
250000,6,"(4, 4, 4)",process,3,0.006284457980655134,64,39780678.10613929,2545963398.7929144
250000,6,"(4, 4, 4)",process,4,0.0053254999802447855,64,46943949.09912455,3004412742.3439713
250000,6,"(6, 6, 6)",process,0,0.005638415983412415,216,44338693.83448683,9577157868.249153
250000,6,"(6, 6, 6)",process,1,0.005704291979782283,216,43826648.580765985,9466556093.445454
250000,6,"(6, 6, 6)",process,2,0.005565667001064867,216,44918246.08841457,9702341155.097548
250000,6,"(6, 6, 6)",process,3,0.0058822500286623836,216,42500743.55592288,9180160608.079344
250000,6,"(6, 6, 6)",process,4,0.005453874997328967,216,45838967.728896864,9901217029.441723
250000,6,"(8, 8, 8)",process,0,0.006036167033016682,512,41417011.59569437,21205509936.995518
250000,6,"(8, 8, 8)",process,1,0.006658707978203893,512,37544821.13021489,19222948418.670025
250000,6,"(8, 8, 8)",process,2,0.005369332968257368,512,46560718.338378295,23839087789.249687
250000,6,"(8, 8, 8)",process,3,0.005764875037129968,512,43366074.44043783,22203430113.50417
250000,6,"(8, 8, 8)",process,4,0.0056665000156499445,512,44118944.55299408,22588899611.13297
250000,6,"(10, 10, 10)",process,0,0.00589412497356534,1000,42415116.93783712,42415116937.83712
250000,6,"(10, 10, 10)",process,1,0.08335495903156698,1000,2999221.676844969,2999221676.844969
250000,6,"(10, 10, 10)",process,2,0.055980834004003555,1000,4465814.138855468,4465814138.855468
250000,6,"(10, 10, 10)",process,3,0.00652591697871685,1000,38308792.59042549,38308792590.42549
250000,6,"(10, 10, 10)",process,4,0.005564666993450373,1000,44926318.19554532,44926318195.54533
250000,8,"(4, 4, 4)",process,0,0.0053190410253591835,64,47000953.519270524,3008061025.2333136
250000,8,"(4, 4, 4)",process,1,0.00527995900483802,64,47348852.47611304,3030326558.4712343
250000,8,"(4, 4, 4)",process,2,0.005371832987293601,64,46539049.25773823,2978499152.495247
250000,8,"(4, 4, 4)",process,3,0.0053009590483270586,64,47161277.3690259,3018321751.6176577
250000,8,"(4, 4, 4)",process,4,0.005294916976708919,64,47215093.475438915,3021765982.4280906
250000,8,"(6, 6, 6)",process,0,0.0055202500079758465,216,45287803.92895094,9782165648.653402
250000,8,"(6, 6, 6)",process,1,0.005615000030957162,216,44523597.261206724,9617097008.420652
250000,8,"(6, 6, 6)",process,2,0.005229917005635798,216,47801905.7913535,10325211650.932356
250000,8,"(6, 6, 6)",process,3,0.005587999999988824,216,44738725.84117752,9663564781.694345
250000,8,"(6, 6, 6)",process,4,0.0053212090278975666,216,46981804.07672805,10148069680.57326
250000,8,"(8, 8, 8)",process,0,0.0056142499670386314,512,44529545.614775755,22799127354.765186
250000,8,"(8, 8, 8)",process,1,0.005981999973300844,512,41792042.981580116,21397526006.56902
250000,8,"(8, 8, 8)",process,2,0.005429457989521325,512,46045111.77404665,23575097228.311886
250000,8,"(8, 8, 8)",process,3,0.005528750014491379,512,45218177.58891725,23151706925.52563
250000,8,"(8, 8, 8)",process,4,0.005427459022030234,512,46062070.479987375,23583780085.753536
250000,8,"(10, 10, 10)",process,0,0.005609458952676505,1000,44567578.104964055,44567578104.96406
250000,8,"(10, 10, 10)",process,1,0.005419458029791713,1000,46130074.00845363,46130074008.45363
250000,8,"(10, 10, 10)",process,2,0.005660582974087447,1000,44165062.35213396,44165062352.133965
250000,8,"(10, 10, 10)",process,3,0.005598582967650145,1000,44654156.497198574,44654156497.19857
250000,8,"(10, 10, 10)",process,4,0.0059339170111343265,1000,42130686.952800855,42130686952.80085
250000,12,"(4, 4, 4)",process,0,0.005298374977428466,64,47184278.39951335,3019793817.5688543
250000,12,"(4, 4, 4)",process,1,0.005509542010258883,64,45375822.44304422,2904052636.3548303
250000,12,"(4, 4, 4)",process,2,0.005630500032566488,64,44401029.84708541,2841665910.213466
250000,12,"(4, 4, 4)",process,3,0.0052520420285873115,64,47600533.019200675,3046434113.228843
250000,12,"(4, 4, 4)",process,4,0.005456999992020428,64,45812717.67739891,2932013931.3535304
250000,12,"(6, 6, 6)",process,0,0.005745125003159046,216,43515154.1285061,9399273291.757318
250000,12,"(6, 6, 6)",process,1,0.005731832992751151,216,43616064.93353283,9421070025.643091
250000,12,"(6, 6, 6)",process,2,0.00539054098771885,216,46377534.38283271,10017547426.691866
250000,12,"(6, 6, 6)",process,3,0.005433542013633996,216,46010502.79406931,9938268603.518972
250000,12,"(6, 6, 6)",process,4,0.00551674998132512,216,45316536.15738993,9788371809.996225
250000,12,"(8, 8, 8)",process,0,0.0063997500110417604,512,39064025.8711144,20000781246.010574
250000,12,"(8, 8, 8)",process,1,0.005555208015721291,512,45002815.24877153,23041441407.371025
250000,12,"(8, 8, 8)",process,2,0.005766833026427776,512,43351350.534048796,22195891473.432983
250000,12,"(8, 8, 8)",process,3,0.005591749970335513,512,44708722.908975065,22890866129.395233
250000,12,"(8, 8, 8)",process,4,0.005528042034711689,512,45223968.70902929,23154671979.022995
250000,12,"(10, 10, 10)",process,0,0.005883959005586803,1000,42488399.3519713,42488399351.9713
250000,12,"(10, 10, 10)",process,1,0.0059834999847225845,1000,41781566.079771765,41781566079.77177
250000,12,"(10, 10, 10)",process,2,0.005819040990900248,1000,42962405.72818566,42962405728.18566
250000,12,"(10, 10, 10)",process,3,0.005668458004947752,1000,44103705.060844734,44103705060.844734
250000,12,"(10, 10, 10)",process,4,0.006128125009126961,1000,40795512.43286665,40795512432.86665
500000,1,"(4, 4, 4)",process,0,0.009816124977078289,64,50936596.790235855,3259942194.5750947
500000,1,"(4, 4, 4)",process,1,0.009837458026595414,64,50826138.07837938,3252872837.01628
500000,1,"(4, 4, 4)",process,2,0.009835250035393983,64,50837548.43045745,3253603099.549277
500000,1,"(4, 4, 4)",process,3,0.009832541982177645,64,50851549.97622124,3254499198.4781594
500000,1,"(4, 4, 4)",process,4,0.009500458021648228,64,52629041.553646624,3368258659.433384
500000,1,"(6, 6, 6)",process,0,0.009598582983016968,216,52091022.27741986,11251660811.92269
500000,1,"(6, 6, 6)",process,1,0.009728875011205673,216,51393403.59744599,11100975177.048332
500000,1,"(6, 6, 6)",process,2,0.010014125029556453,216,49929474.46973768,10784766485.463339
500000,1,"(6, 6, 6)",process,3,0.009500666987150908,216,52627883.98711591,11367622941.217037
500000,1,"(6, 6, 6)",process,4,0.009819208004046232,216,50920603.758873776,10998850411.916735
500000,1,"(8, 8, 8)",process,0,0.009944374964106828,512,50279680.9055066,25743196623.61938
500000,1,"(8, 8, 8)",process,1,0.010063166031613946,512,49686152.293346316,25439309974.193314
500000,1,"(8, 8, 8)",process,2,0.009537167032249272,512,52426469.86356478,26842352570.14517
500000,1,"(8, 8, 8)",process,3,0.009823166998103261,512,50900081.41941842,26060841686.74223
500000,1,"(8, 8, 8)",process,4,0.01944295800058171,512,25716251.610739507,13166720824.698627
500000,1,"(10, 10, 10)",process,0,0.04702258302131668,1000,10633188.733450389,10633188733.450388
500000,1,"(10, 10, 10)",process,1,0.010784042009618133,1000,46364804.54676059,46364804546.76059
500000,1,"(10, 10, 10)",process,2,0.011284708976745605,1000,44307744.31404033,44307744314.04033
500000,1,"(10, 10, 10)",process,3,0.011524083034601063,1000,43387399.97783337,43387399977.83337
500000,1,"(10, 10, 10)",process,4,0.013854917022399604,1000,36088270.98651237,36088270986.51237
500000,2,"(4, 4, 4)",process,0,0.030142166011501104,64,16588058.064878915,1061635716.1522505
500000,2,"(4, 4, 4)",process,1,0.02164145902497694,64,23103802.725266244,1478643374.4170396
500000,2,"(4, 4, 4)",process,2,0.05493874999228865,64,9101044.346116018,582466838.1514251
500000,2,"(4, 4, 4)",process,3,0.02985295798862353,64,16748759.040579556,1071920578.5970916
500000,2,"(4, 4, 4)",process,4,0.041413084021769464,64,12073478.993671827,772702655.5949969
500000,2,"(6, 6, 6)",process,0,0.015782833041157573,216,31679990.448871154,6842877936.956169
500000,2,"(6, 6, 6)",process,1,0.1097206249833107,216,4557028.362498424,984318126.2996595
500000,2,"(6, 6, 6)",process,2,0.04473337496165186,216,11177336.841421647,2414304757.7470756
500000,2,"(6, 6, 6)",process,3,0.04702612501569092,216,10632387.844696283,2296595774.454397
500000,2,"(6, 6, 6)",process,4,0.07386004197178409,216,6769560.193196334,1462225001.7304082
500000,2,"(8, 8, 8)",process,0,0.033691917022224516,512,14840354.725739717,7598261619.578735
500000,2,"(8, 8, 8)",process,1,0.03738566697575152,512,13374109.396638606,6847544011.078966
500000,2,"(8, 8, 8)",process,2,0.028934750007465482,512,17280259.89065033,8847493064.012968
500000,2,"(8, 8, 8)",process,3,0.026315915980376303,512,18999908.66260739,9727953235.254984
500000,2,"(8, 8, 8)",process,4,0.028307000000495464,512,17663475.46512341,9043699438.143187
500000,2,"(10, 10, 10)",process,0,0.02735591697273776,1000,18277581.427750632,18277581427.750633
500000,2,"(10, 10, 10)",process,1,0.022970666992478073,1000,21766890.79876213,21766890798.762135
500000,2,"(10, 10, 10)",process,2,0.02628200000617653,1000,19024427.360265393,19024427360.265392
500000,2,"(10, 10, 10)",process,3,0.02773766702739522,1000,18026029.35229459,18026029352.29459
500000,2,"(10, 10, 10)",process,4,0.042119332996662706,1000,11871033.191328485,11871033191.328484
500000,4,"(4, 4, 4)",process,0,0.02762529195751995,64,18099356.22649207,1158358798.4954925
500000,4,"(4, 4, 4)",process,1,0.020429541007615626,64,24474362.87548567,1566359224.0310829
500000,4,"(4, 4, 4)",process,2,0.07830474997172132,64,6385308.684090915,408659755.78181857
500000,4,"(4, 4, 4)",process,3,0.07555670797592029,64,6617546.123890795,423522951.92901087
500000,4,"(4, 4, 4)",process,4,0.01477354095550254,64,33844289.70048446,2166034540.8310056
500000,4,"(6, 6, 6)",process,0,0.017890707997139543,216,27947468.601015817,6036653217.819417
500000,4,"(6, 6, 6)",process,1,0.010098790982738137,216,49510877.17872862,10694349470.605381
500000,4,"(6, 6, 6)",process,2,0.009937916998751462,216,50312354.19482945,10867468506.083162
500000,4,"(6, 6, 6)",process,3,0.009592625021468848,216,52123375.91441041,11258649197.51265
500000,4,"(6, 6, 6)",process,4,0.013576792029198259,216,36827550.93579541,7954751002.131808
500000,4,"(8, 8, 8)",process,0,0.014282125048339367,512,35008795.841493964,17924503470.84491
500000,4,"(8, 8, 8)",process,1,0.015778667002450675,512,31688354.91124454,16224437714.557205
500000,4,"(8, 8, 8)",process,2,0.010694416996557266,512,46753366.74836594,23937723775.16336
500000,4,"(8, 8, 8)",process,3,0.011182625021319836,512,44712220.88255153,22892657091.866383
500000,4,"(8, 8, 8)",process,4,0.009893167007248849,512,50539933.23206246,25876445814.81598
500000,4,"(10, 10, 10)",process,0,0.010285999975167215,1000,48609760.95733188,48609760957.33189
500000,4,"(10, 10, 10)",process,1,0.010311375022865832,1000,48490138.21059099,48490138210.59099
500000,4,"(10, 10, 10)",process,2,0.010226875019725412,1000,48890790.10309689,48890790103.09689
500000,4,"(10, 10, 10)",process,3,0.010361249966081232,1000,48256725.93912981,48256725939.12981
500000,4,"(10, 10, 10)",process,4,0.010260834009386599,1000,48728982.41435351,48728982414.35351
500000,6,"(4, 4, 4)",process,0,0.009527582966256887,64,52479207.136879504,3358669256.7602882
500000,6,"(4, 4, 4)",process,1,0.009828624955844134,64,50871815.97082899,3255796222.133055
500000,6,"(4, 4, 4)",process,2,0.010225749982055277,64,48896169.07096577,3129354820.541809
500000,6,"(4, 4, 4)",process,3,0.01003404101356864,64,49830372.361830056,3189143831.1571236
500000,6,"(4, 4, 4)",process,4,0.010193749971222132,64,49049662.92203995,3139178427.0105567
500000,6,"(6, 6, 6)",process,0,0.009474665974266827,216,52772308.95083784,11398818733.380974
500000,6,"(6, 6, 6)",process,1,0.010226875019725412,216,48890790.10309689,10560410662.268929
500000,6,"(6, 6, 6)",process,2,0.010037000000011176,216,49815681.97663079,10760187306.952251
500000,6,"(6, 6, 6)",process,3,0.009877500007860363,216,50620096.13790005,10933940765.78641
500000,6,"(6, 6, 6)",process,4,0.01066137501038611,216,46898265.890929595,10130025432.440792
500000,6,"(8, 8, 8)",process,0,0.010682584019377828,512,46805154.92253726,23964239320.339077
500000,6,"(8, 8, 8)",process,1,0.009967292018700391,512,50164076.56782927,25684007202.72859
500000,6,"(8, 8, 8)",process,2,0.01020933297695592,512,48974796.01542815,25075095559.89921
500000,6,"(8, 8, 8)",process,3,0.0100069580366835,512,49965234.00688804,25582199811.526676
500000,6,"(8, 8, 8)",process,4,0.009990874968934804,512,50045666.82644698,25623381415.140854
500000,6,"(10, 10, 10)",process,0,0.010083291970659047,1000,49586980.26943277,49586980269.43276
500000,6,"(10, 10, 10)",process,1,0.010287249984685332,1000,48603854.3580016,48603854358.001595
500000,6,"(10, 10, 10)",process,2,0.010116874997038394,1000,49422375.99519314,49422375995.19314
500000,6,"(10, 10, 10)",process,3,0.009866582986433059,1000,50676105.46503483,50676105465.03483
500000,6,"(10, 10, 10)",process,4,0.010342374967876822,1000,48344795.22865768,48344795228.65768
500000,8,"(4, 4, 4)",process,0,0.009692249994259328,64,51587608.686955824,3301606955.965173
500000,8,"(4, 4, 4)",process,1,0.009613499976694584,64,52010194.124108724,3328652423.9429584
500000,8,"(4, 4, 4)",process,2,0.009829291957430542,64,50868363.882712886,3255575288.4936247
500000,8,"(4, 4, 4)",process,3,0.010173625021707267,64,49146690.47985941,3145388190.7110023
500000,8,"(4, 4, 4)",process,4,0.00987595901824534,64,50627994.61563936,3240191655.400919
500000,8,"(6, 6, 6)",process,0,0.00987662497209385,216,50624580.908228986,10934909476.177462
500000,8,"(6, 6, 6)",process,1,0.009894290997181088,216,50534191.90343719,10915385451.142433
500000,8,"(6, 6, 6)",process,2,0.010174375027418137,216,49143067.62357281,10614902606.691729
500000,8,"(6, 6, 6)",process,3,0.010356750048231333,216,48277693.06698554,10427981702.468876
500000,8,"(6, 6, 6)",process,4,0.009816749952733517,216,50933353.95191286,11001604453.613176
500000,8,"(8, 8, 8)",process,0,0.009706165990792215,512,51513646.11673926,26374986811.7705
500000,8,"(8, 8, 8)",process,1,0.010345082962885499,512,48332140.18619505,24746055775.331867
500000,8,"(8, 8, 8)",process,2,0.010255500033963472,512,48754326.78505522,24962215313.948273
500000,8,"(8, 8, 8)",process,3,0.009613958012778312,512,52007716.211723536,26627950700.40245
500000,8,"(8, 8, 8)",process,4,0.01007437496446073,512,49630870.57647198,25411005735.153652
500000,8,"(10, 10, 10)",process,0,0.01058595796348527,1000,47232381.02065752,47232381020.65752
500000,8,"(10, 10, 10)",process,1,0.011077750008553267,1000,45135519.36213978,45135519362.13977
500000,8,"(10, 10, 10)",process,2,0.01010154199320823,1000,49497393.599529155,49497393599.52915
500000,8,"(10, 10, 10)",process,3,0.010137874982319772,1000,49320000.579212986,49320000579.21298
500000,8,"(10, 10, 10)",process,4,0.01054954098071903,1000,47395427.053540036,47395427053.54004
500000,12,"(4, 4, 4)",process,0,0.010219374962616712,64,48926671.33058918,3131306965.1577077
500000,12,"(4, 4, 4)",process,1,0.00975050003034994,64,51279421.408509575,3281882970.144613
500000,12,"(4, 4, 4)",process,2,0.05703666701447219,64,8766290.636743072,561042600.7515566
500000,12,"(4, 4, 4)",process,3,0.08312366699101403,64,6015134.053867616,384968579.4475274
500000,12,"(4, 4, 4)",process,4,0.03826008300529793,64,13068450.476983134,836380830.5269206
500000,12,"(6, 6, 6)",process,0,0.026430166035424918,216,18917777.48690036,4086239937.1704774
500000,12,"(6, 6, 6)",process,1,0.02029391599353403,216,24637925.97541589,5321792010.689832
500000,12,"(6, 6, 6)",process,2,0.03777333302423358,216,13236851.502599034,2859159924.5613914
500000,12,"(6, 6, 6)",process,3,0.03841362497769296,216,13016214.95733228,2811502430.7837725
500000,12,"(6, 6, 6)",process,4,0.027648832998238504,216,18083945.894998707,3906132313.3197207
500000,12,"(8, 8, 8)",process,0,0.0324935830431059,512,15387653.597225685,7878478641.779551
500000,12,"(8, 8, 8)",process,1,0.025787250022403896,512,19389426.928641144,9927386587.464266
500000,12,"(8, 8, 8)",process,2,0.02802600001450628,512,17840576.598201655,9134375218.279247
500000,12,"(8, 8, 8)",process,3,0.02171220805030316,512,23028519.201805394,11790601831.324362
500000,12,"(8, 8, 8)",process,4,0.03290112497052178,512,15197048.746752033,7780888958.337041
500000,12,"(10, 10, 10)",process,0,0.11168095900211483,1000,4477038.91932493,4477038919.32493
500000,12,"(10, 10, 10)",process,1,0.07553341699531302,1000,6619586.666270187,6619586666.270187
500000,12,"(10, 10, 10)",process,2,0.01571283402154222,1000,31821121.467617005,31821121467.617004
500000,12,"(10, 10, 10)",process,3,0.017998165974859148,1000,27780608.351896975,27780608351.896973
500000,12,"(10, 10, 10)",process,4,0.02013112499844283,1000,24837161.36274926,24837161362.74926
1000000,1,"(4, 4, 4)",process,0,0.02131312503479421,64,46919445.10096361,3002844486.461671
1000000,1,"(4, 4, 4)",process,1,0.019492542021907866,64,51301672.14086751,3283307017.0155206
1000000,1,"(4, 4, 4)",process,2,0.023102250008378178,64,43285827.122351445,2770292935.8304925
1000000,1,"(4, 4, 4)",process,3,0.022576791991014034,64,44293272.50736145,2834769440.4711328
1000000,1,"(4, 4, 4)",process,4,0.01904512499459088,64,52506875.133873686,3360440008.567916
1000000,1,"(6, 6, 6)",process,0,0.019652499991934747,216,50884111.45708654,10990968074.730694
1000000,1,"(6, 6, 6)",process,1,0.019292500044684857,216,51833613.978687175,11196060619.396431
1000000,1,"(6, 6, 6)",process,2,0.022779416001867503,216,43899281.69879412,9482244846.93953
1000000,1,"(6, 6, 6)",process,3,0.021363249979913235,216,46809357.23451481,10110821162.6552
1000000,1,"(6, 6, 6)",process,4,0.01967083301860839,216,50836687.95591986,10980724598.478691
1000000,1,"(8, 8, 8)",process,0,0.032838416984304786,512,30452137.826191586,15591494567.010092
1000000,1,"(8, 8, 8)",process,1,0.018687708012294024,512,53511110.04849461,27397688344.82924
1000000,1,"(8, 8, 8)",process,2,0.019162332988344133,512,52185712.49170285,26719084795.751858
1000000,1,"(8, 8, 8)",process,3,0.019355040974915028,512,51666126.7364943,26453056889.085083
1000000,1,"(8, 8, 8)",process,4,0.02631404099520296,512,38002524.97069149,19457292784.99404
1000000,1,"(10, 10, 10)",process,0,0.032235833001323044,1000,31021379.219794236,31021379219.79424
1000000,1,"(10, 10, 10)",process,1,0.019895375007763505,1000,50262937.97476969,50262937974.769684
1000000,1,"(10, 10, 10)",process,2,0.02081050002016127,1000,48052665.67507735,48052665675.07735
1000000,1,"(10, 10, 10)",process,3,0.020970167010091245,1000,47686792.36168128,47686792361.68128
1000000,1,"(10, 10, 10)",process,4,0.019746791978832334,1000,50641137.105812155,50641137105.81216
1000000,2,"(4, 4, 4)",process,0,0.030572791991289705,64,32708821.6308443,2093364584.3740351
1000000,2,"(4, 4, 4)",process,1,0.020170625008177012,64,49577045.807683595,3172930931.69175
1000000,2,"(4, 4, 4)",process,2,0.020166125032119453,64,49588108.69253548,3173638956.322271
1000000,2,"(4, 4, 4)",process,3,0.02317874995060265,64,43142965.09221369,2761149765.901676
1000000,2,"(4, 4, 4)",process,4,0.022936167020816356,64,43599263.95253497,2790352892.9622383
1000000,2,"(6, 6, 6)",process,0,0.023443917045369744,216,42654987.98962452,9213477405.758896
1000000,2,"(6, 6, 6)",process,1,0.021359417005442083,216,46817757.23303749,10112635562.336098
1000000,2,"(6, 6, 6)",process,2,0.02285862498683855,216,43747163.29507029,9449387271.735184
1000000,2,"(6, 6, 6)",process,3,0.023982167011126876,216,41697649.73849258,9006692343.514399
1000000,2,"(6, 6, 6)",process,4,0.0205004169838503,216,48779495.59698099,10536371048.947893
1000000,2,"(8, 8, 8)",process,0,0.019913458032533526,512,50217295.176269956,25711255130.250217
1000000,2,"(8, 8, 8)",process,1,0.04200287495041266,512,23807894.130593922,12189641794.864088
1000000,2,"(8, 8, 8)",process,2,0.034771791950333863,512,28758943.49731373,14724579070.62463
1000000,2,"(8, 8, 8)",process,3,0.040961000020615757,512,24413466.45581646,12499694825.378027
1000000,2,"(8, 8, 8)",process,4,0.019935166055802256,512,50162611.999358974,25683257343.671795
1000000,2,"(10, 10, 10)",process,0,0.06282375002047047,1000,15917547.100804398,15917547100.804398
1000000,2,"(10, 10, 10)",process,1,0.052502584003377706,1000,19046681.586865626,19046681586.865627
1000000,2,"(10, 10, 10)",process,2,0.043991415994241834,1000,22731707.479724973,22731707479.724976
1000000,2,"(10, 10, 10)",process,3,0.07122608297504485,1000,14039800.565059368,14039800565.059366
1000000,2,"(10, 10, 10)",process,4,0.03696237498661503,1000,27054538.577732738,27054538577.73274
1000000,4,"(4, 4, 4)",process,0,0.029902457958087325,64,33442066.916426953,2140292282.651325
1000000,4,"(4, 4, 4)",process,1,0.023896416008938104,64,41847279.509444624,2678225888.604456
1000000,4,"(4, 4, 4)",process,2,0.019342417013831437,64,51699846.98835295,3308790207.2545886
1000000,4,"(4, 4, 4)",process,3,0.019498416979331523,64,51286214.725021414,3282317742.4013705
1000000,4,"(4, 4, 4)",process,4,0.01966633298434317,64,50848320.365373835,3254292503.3839254
1000000,4,"(6, 6, 6)",process,0,0.01955999998608604,216,51124744.412645586,11042944793.131447
1000000,4,"(6, 6, 6)",process,1,0.019609040988143533,216,50996884.5801609,11015327069.314754
1000000,4,"(6, 6, 6)",process,2,0.019387584005016834,216,51579402.5568753,11141150952.285065
1000000,4,"(6, 6, 6)",process,3,0.14260920794913545,216,7012169.931949071,1514628705.3009992
1000000,4,"(6, 6, 6)",process,4,0.06456108303973451,216,15489207.31990422,3345668781.0993114
1000000,4,"(8, 8, 8)",process,0,0.05502954201074317,512,18172057.4705996,9304093424.946995
1000000,4,"(8, 8, 8)",process,1,0.03827970795100555,512,26123501.28898336,13375232659.95948
1000000,4,"(8, 8, 8)",process,2,0.05247083300491795,512,19058207.05964917,9757802014.540375
1000000,4,"(8, 8, 8)",process,3,0.06437862501479685,512,15533105.899204262,7952950220.392582
1000000,4,"(8, 8, 8)",process,4,0.05597587500233203,512,17864839.092883114,9146797615.556154
1000000,4,"(10, 10, 10)",process,0,0.13614916702499613,1000,7344885.186234054,7344885186.234054
1000000,4,"(10, 10, 10)",process,1,0.019767708028666675,1000,50587554.1337328,50587554133.7328
1000000,4,"(10, 10, 10)",process,2,0.020447707967832685,1000,48905236.79099634,48905236790.99634
1000000,4,"(10, 10, 10)",process,3,0.019950499990954995,1000,50124057.063901775,50124057063.90177
1000000,4,"(10, 10, 10)",process,4,0.019937792036216706,1000,50156005.14758679,50156005147.58679
1000000,6,"(4, 4, 4)",process,0,0.020089666009880602,64,49776835.48886153,3185717471.287138
1000000,6,"(4, 4, 4)",process,1,0.0197353339754045,64,50670538.49943797,3242914463.9640303
1000000,6,"(4, 4, 4)",process,2,0.01957812497857958,64,51077414.261789605,3268954512.7545347
1000000,6,"(4, 4, 4)",process,3,0.01955329196061939,64,51142283.458663344,3273106141.354454
1000000,6,"(4, 4, 4)",process,4,0.019586624985095114,64,51055248.19926724,3267535884.7531033
1000000,6,"(6, 6, 6)",process,0,0.020344084012322128,216,49154338.89254065,10617337200.78878
1000000,6,"(6, 6, 6)",process,1,0.019726334023289382,216,50693656.45027485,10949829793.259367
1000000,6,"(6, 6, 6)",process,2,0.04201570898294449,216,23800621.81994672,5140934313.108492
1000000,6,"(6, 6, 6)",process,3,0.032223333953879774,216,31033412.04331209,6703217001.355412
1000000,6,"(6, 6, 6)",process,4,0.028351582994218916,216,35271399.13859155,7618622213.935776
1000000,6,"(8, 8, 8)",process,0,0.02810379199218005,512,35582386.89918615,18218182092.38331
1000000,6,"(8, 8, 8)",process,1,0.025584249990060925,512,39086547.402737394,20012312270.201546
1000000,6,"(8, 8, 8)",process,2,0.03197849995922297,512,31271010.249859713,16010757247.928173
1000000,6,"(8, 8, 8)",process,3,0.028863375016953796,512,34645982.99445644,17738743293.161697
1000000,6,"(8, 8, 8)",process,4,0.03785054199397564,512,26419700.942701478,13526886882.663157
1000000,6,"(10, 10, 10)",process,0,0.035998707986436784,1000,27778774.737603623,27778774737.603626
1000000,6,"(10, 10, 10)",process,1,0.025232666986994445,1000,39631165.44578602,39631165445.786026
1000000,6,"(10, 10, 10)",process,2,0.029695124947465956,1000,33675561.283850916,33675561283.850914
1000000,6,"(10, 10, 10)",process,3,0.02502241695765406,1000,39964165.00022041,39964165000.22041
1000000,6,"(10, 10, 10)",process,4,0.022294584021437913,1000,44853942.95934946,44853942959.34946
1000000,8,"(4, 4, 4)",process,0,0.021101207996252924,64,47390651.766362205,3033001713.047181
1000000,8,"(4, 4, 4)",process,1,0.021304584050085396,64,46938255.05577011,3004048323.569287
1000000,8,"(4, 4, 4)",process,2,0.035323541960678995,64,28309731.82454826,1811822836.7710886
1000000,8,"(4, 4, 4)",process,3,0.03449129196815193,64,28992825.23030351,1855540814.7394247
1000000,8,"(4, 4, 4)",process,4,0.02928637497825548,64,34145571.1313701,2185316552.407686
1000000,8,"(6, 6, 6)",process,0,0.05110024998430163,216,19569375.889691487,4226985192.173361
1000000,8,"(6, 6, 6)",process,1,0.051673707959707826,216,19352201.331859954,4180075487.68175
1000000,8,"(6, 6, 6)",process,2,0.07008291699457914,216,14268812.470767295,3082063493.6857357
1000000,8,"(6, 6, 6)",process,3,0.06383487500716001,216,15665418.00054963,3383730288.1187196
1000000,8,"(6, 6, 6)",process,4,0.03380862501217052,216,29578251.101309717,6388902237.882898
1000000,8,"(8, 8, 8)",process,0,0.043523875006940216,512,22975895.410060395,11763658449.950922
1000000,8,"(8, 8, 8)",process,1,0.019465874996967614,512,51371952.206401184,26302439529.677406
1000000,8,"(8, 8, 8)",process,2,0.019684707978740335,512,50800855.21614084,26010037870.66411
1000000,8,"(8, 8, 8)",process,3,0.019707583007402718,512,50741889.53685351,25979847442.868996
1000000,8,"(8, 8, 8)",process,4,0.019943624967709184,512,50141335.97172554,25672364017.523476
1000000,8,"(10, 10, 10)",process,0,0.019675832998473197,1000,50823769.4474027,50823769447.4027
1000000,8,"(10, 10, 10)",process,1,0.019601167005021125,1000,51017370.53430724,51017370534.307236
1000000,8,"(10, 10, 10)",process,2,0.04458600003272295,1000,22428565.003949024,22428565003.949024
1000000,8,"(10, 10, 10)",process,3,0.11369541700696573,1000,8795429.282243922,8795429282.243923
1000000,8,"(10, 10, 10)",process,4,0.019785292039159685,1000,50542594.87404926,50542594874.04926
1000000,12,"(4, 4, 4)",process,0,0.01950266701169312,64,51275038.403744206,3281602457.839629
1000000,12,"(4, 4, 4)",process,1,0.020985666022170335,64,47651573.1711135,3049700682.951264
1000000,12,"(4, 4, 4)",process,2,0.019875750003848225,64,50312566.81163659,3220004275.9447417
1000000,12,"(4, 4, 4)",process,3,0.020050292019732296,64,49874585.31855097,3191973460.387262
1000000,12,"(4, 4, 4)",process,4,0.019700583012308925,64,50759919.10367323,3248634822.6350865
1000000,12,"(6, 6, 6)",process,0,0.020135291968472302,216,49664042.69507454,10727433222.136103
1000000,12,"(6, 6, 6)",process,1,0.019517290988005698,216,51236618.8839705,11067109678.937628
1000000,12,"(6, 6, 6)",process,2,0.020338417030870914,216,49168034.97942528,10620295555.55586
1000000,12,"(6, 6, 6)",process,3,0.01961504202336073,216,50981282.56921601,11011957034.950659
1000000,12,"(6, 6, 6)",process,4,0.02299224998569116,216,43492916.11835872,9394469881.565483
1000000,12,"(8, 8, 8)",process,0,0.044448332977481186,512,22498031.60236918,11518992180.413021
1000000,12,"(8, 8, 8)",process,1,0.028465749986935407,512,35129936.87006168,17986527677.47158
1000000,12,"(8, 8, 8)",process,2,0.04251924995332956,512,23518759.176082145,12041604698.154058
1000000,12,"(8, 8, 8)",process,3,0.032378833973780274,512,30884373.440062102,15812799201.311796
1000000,12,"(8, 8, 8)",process,4,0.03603641700465232,512,27749706.633456357,14207849796.329655
1000000,12,"(10, 10, 10)",process,0,0.03779129101894796,1000,26461123.00049807,26461123000.49807
1000000,12,"(10, 10, 10)",process,1,0.050291708030272275,1000,19883993.587930366,19883993587.930367
1000000,12,"(10, 10, 10)",process,2,0.0292288750060834,1000,34212743.38447409,34212743384.474094
1000000,12,"(10, 10, 10)",process,3,0.03057879098923877,1000,32702404.759950064,32702404759.95006
1000000,12,"(10, 10, 10)",process,4,0.029588415985926986,1000,33797010.30550692,33797010305.50692
2000000,1,"(4, 4, 4)",process,0,0.03741108300164342,64,53460093.62819415,3421445992.204426
2000000,1,"(4, 4, 4)",process,1,0.03903462499147281,64,51236562.42212917,3279139995.016267
2000000,1,"(4, 4, 4)",process,2,0.04921774996910244,64,40635746.27559255,2600687761.6379232
2000000,1,"(4, 4, 4)",process,3,0.03682937502162531,64,54304478.39056864,3475486616.9963927
2000000,1,"(4, 4, 4)",process,4,0.07058558298740536,64,28334397.979780965,1813401470.7059817
2000000,1,"(6, 6, 6)",process,0,0.05719399999361485,216,34968703.01470924,7553239851.1771965
2000000,1,"(6, 6, 6)",process,1,0.037244750012177974,216,53698843.44360096,11598950183.817808
2000000,1,"(6, 6, 6)",process,2,0.037259083008393645,216,53678186.32437745,11594488246.065529
2000000,1,"(6, 6, 6)",process,3,0.03724383300868794,216,53700165.59609898,11599235768.757381
2000000,1,"(6, 6, 6)",process,4,0.03751225001178682,216,53315916.7837593,11516238025.29201
2000000,1,"(8, 8, 8)",process,0,0.03707612497964874,512,53943069.86228495,27618851769.489895
2000000,1,"(8, 8, 8)",process,1,0.037192124989815056,512,53774824.658383824,27532710225.092518
2000000,1,"(8, 8, 8)",process,2,0.03723754198290408,512,53709237.868552364,27499129788.69881
2000000,1,"(8, 8, 8)",process,3,0.037326332996599376,512,53581475.58138675,27433715497.670017
2000000,1,"(8, 8, 8)",process,4,0.03755937499227002,512,53249022.392188735,27263499464.800632
2000000,1,"(10, 10, 10)",process,0,0.03737129201181233,1000,53517015.12936292,53517015129.362915
2000000,1,"(10, 10, 10)",process,1,0.03751383302733302,1000,53313666.94900989,53313666949.00989
2000000,1,"(10, 10, 10)",process,2,0.03737454197835177,1000,53512361.466755845,53512361466.755844
2000000,1,"(10, 10, 10)",process,3,0.03796983300708234,1000,52673394.68221914,52673394682.21915
2000000,1,"(10, 10, 10)",process,4,0.037114459031727165,1000,53887354.20581793,53887354205.817924
2000000,2,"(4, 4, 4)",process,0,0.03746474999934435,64,53383513.83727373,3416544885.585519
2000000,2,"(4, 4, 4)",process,1,0.03831541701219976,64,52198309.608980455,3340691814.974749
2000000,2,"(4, 4, 4)",process,2,0.03722495900001377,64,53727392.95694752,3438553149.2446413
2000000,2,"(4, 4, 4)",process,3,0.03763704199809581,64,53139138.832992956,3400904885.311549
2000000,2,"(4, 4, 4)",process,4,0.03732729097828269,64,53580100.44617531,3429126428.5552197
2000000,2,"(6, 6, 6)",process,0,0.037026541016530246,216,54015307.5359406,11667306427.76317
2000000,2,"(6, 6, 6)",process,1,0.03699120902456343,216,54066900.02135187,11678450404.612003
2000000,2,"(6, 6, 6)",process,2,0.03738470800453797,216,53497809.84666855,11555526926.880407
2000000,2,"(6, 6, 6)",process,3,0.03715674998238683,216,53826020.86964137,11626420507.842537
2000000,2,"(6, 6, 6)",process,4,0.03781058400636539,216,52895242.23332021,11425372322.397165
2000000,2,"(8, 8, 8)",process,0,0.03816112503409386,512,52409356.33352431,26833590442.764446
2000000,2,"(8, 8, 8)",process,1,0.03772133297752589,512,53020395.67879497,27146442587.543026
2000000,2,"(8, 8, 8)",process,2,0.03733733401168138,512,53565688.41723619,27425632469.624928
2000000,2,"(8, 8, 8)",process,3,0.03734066599281505,512,53560908.64541175,27423185226.450817
2000000,2,"(8, 8, 8)",process,4,0.03758370800642297,512,53214547.102648966,27245848116.55627
2000000,2,"(10, 10, 10)",process,0,0.03747937502339482,1000,53362682.77556895,53362682775.56895
2000000,2,"(10, 10, 10)",process,1,0.037753083975985646,1000,52975804.60637811,52975804606.37811
2000000,2,"(10, 10, 10)",process,2,0.037538709002546966,1000,53278337.29882138,53278337298.82138
2000000,2,"(10, 10, 10)",process,3,0.037644749972969294,1000,53128258.29461198,53128258294.611984
2000000,2,"(10, 10, 10)",process,4,0.037448458024300635,1000,53406738.36829763,53406738368.29763
2000000,4,"(4, 4, 4)",process,0,0.037817000003997236,64,52886268.07490285,3384721156.793782
2000000,4,"(4, 4, 4)",process,1,0.13836745801381767,64,14454265.682905555,925073003.7059555
2000000,4,"(4, 4, 4)",process,2,0.03845058300066739,64,52014816.003317446,3328948224.2123165
2000000,4,"(4, 4, 4)",process,3,0.03812308295164257,64,52461654.335167766,3357545877.450737
2000000,4,"(4, 4, 4)",process,4,0.03877529199235141,64,51579237.63396826,3301071208.5739684
2000000,4,"(6, 6, 6)",process,0,0.03821945801610127,216,52329365.82087142,11303143017.308226
2000000,4,"(6, 6, 6)",process,1,0.03930850001052022,216,50879580.73863759,10989989439.54572
2000000,4,"(6, 6, 6)",process,2,0.03817712498130277,216,52387391.69016785,11315676605.076256
2000000,4,"(6, 6, 6)",process,3,0.038246957992669195,216,52291740.44072578,11295015935.19677
2000000,4,"(6, 6, 6)",process,4,0.03805641701910645,216,52553554.870808996,11351567852.094744
2000000,4,"(8, 8, 8)",process,0,0.09180308296345174,512,21785760.733070713,11154309495.332205
2000000,4,"(8, 8, 8)",process,1,0.08828437502961606,512,22654065.335220143,11598881451.632713
2000000,4,"(8, 8, 8)",process,2,0.03815345803741366,512,52419888.0751197,26838982694.461285
2000000,4,"(8, 8, 8)",process,3,0.03727937501389533,512,53648968.07563243,27468271654.723804
2000000,4,"(8, 8, 8)",process,4,0.0377810419886373,512,52936602.45266668,27103540455.76534
2000000,4,"(10, 10, 10)",process,0,0.037874791014473885,1000,52805571.897035636,52805571897.03564
2000000,4,"(10, 10, 10)",process,1,0.03798987501068041,1000,52645606.215806805,52645606215.8068
2000000,4,"(10, 10, 10)",process,2,0.037685833987779915,1000,53070339.39194563,53070339391.94563
2000000,4,"(10, 10, 10)",process,3,0.03763829200761393,1000,53137374.023120284,53137374023.120285
2000000,4,"(10, 10, 10)",process,4,0.03771916695404798,1000,53023440.37546042,53023440375.46042
2000000,6,"(4, 4, 4)",process,0,0.037616292014718056,64,53168451.5639517,3402780900.092909
2000000,6,"(4, 4, 4)",process,1,0.037137041974347085,64,53854585.44009852,3446693468.166305
2000000,6,"(4, 4, 4)",process,2,0.03750266705173999,64,53329540.46283509,3413090589.6214457
2000000,6,"(4, 4, 4)",process,3,0.037589167011901736,64,53206818.85200453,3405236406.52829
2000000,6,"(4, 4, 4)",process,4,0.03755941602867097,64,53248964.21374871,3407933709.6799173
2000000,6,"(6, 6, 6)",process,0,0.03724070795578882,216,53704671.843895845,11600209118.281504
2000000,6,"(6, 6, 6)",process,1,0.03728549997322261,216,53640155.05857084,11586273492.651302
2000000,6,"(6, 6, 6)",process,2,0.03730520897079259,216,53611816.021882154,11580152260.726545
2000000,6,"(6, 6, 6)",process,3,0.03687112499028444,216,54242988.26051553,11716485464.271355
2000000,6,"(6, 6, 6)",process,4,0.037260042037814856,216,53676804.711337134,11594189817.64882
2000000,6,"(8, 8, 8)",process,0,0.037451582960784435,512,53402282.143700056,27341968457.57443
2000000,6,"(8, 8, 8)",process,1,0.03718104201834649,512,53790853.92531836,27540917209.763
2000000,6,"(8, 8, 8)",process,2,0.03750837501138449,512,53321424.86559236,27300569531.18329
2000000,6,"(8, 8, 8)",process,3,0.037230457994155586,512,53719457.34092121,27504362158.55166
2000000,6,"(8, 8, 8)",process,4,0.037326375022530556,512,53581415.25376576,27433684609.92807
2000000,6,"(10, 10, 10)",process,0,0.03764291701372713,1000,53130845.28679502,53130845286.79502
2000000,6,"(10, 10, 10)",process,1,0.037413458980154246,1000,53456698.59236722,53456698592.36722
2000000,6,"(10, 10, 10)",process,2,0.037893874978180975,1000,52778978.16339938,52778978163.39938
2000000,6,"(10, 10, 10)",process,3,0.03784508298849687,1000,52847023.762846716,52847023762.84671
2000000,6,"(10, 10, 10)",process,4,0.037472625030204654,1000,53372295.06574222,53372295065.74221
2000000,8,"(4, 4, 4)",process,0,0.03726533299777657,64,53669183.63829809,3434827752.8510776
2000000,8,"(4, 4, 4)",process,1,0.036938542034476995,64,54143988.63207102,3465215272.452545
2000000,8,"(4, 4, 4)",process,2,0.03713362501002848,64,53859541.03484027,3447010626.2297773
2000000,8,"(4, 4, 4)",process,3,0.03726429201196879,64,53670682.89819183,3434923705.4842772
2000000,8,"(4, 4, 4)",process,4,0.03722179197939113,64,53731964.35860356,3438845718.950628
2000000,8,"(6, 6, 6)",process,0,0.13294116698671132,216,15044248.860850742,3249557753.94376
2000000,8,"(6, 6, 6)",process,1,0.05615545896580443,216,35615415.434818,7692929733.920689
2000000,8,"(6, 6, 6)",process,2,0.03829200001200661,216,52230230.84124339,11281729861.708572
2000000,8,"(6, 6, 6)",process,3,0.03932116704527289,216,50863190.24298736,10986449092.48527
2000000,8,"(6, 6, 6)",process,4,0.03964166698278859,216,50451965.12216172,10897624466.386932
2000000,8,"(8, 8, 8)",process,0,0.03798475000075996,512,52652709.309920065,26958187166.679073
2000000,8,"(8, 8, 8)",process,1,0.03777274995809421,512,52948223.314925104,27109490337.241653
2000000,8,"(8, 8, 8)",process,2,0.038078917015809566,512,52522502.12813673,26891521089.606007
2000000,8,"(8, 8, 8)",process,3,0.037829874956514686,512,52868268.85626752,27068553654.40897
2000000,8,"(8, 8, 8)",process,4,0.03802099998574704,512,52602509.159405105,26932484689.615414
2000000,8,"(10, 10, 10)",process,0,0.1387043329887092,1000,14419160.215873023,14419160215.873024
2000000,8,"(10, 10, 10)",process,1,0.03752524999435991,1000,53297446.394110695,53297446394.110695
2000000,8,"(10, 10, 10)",process,2,0.037603416945785284,1000,53186655.95957674,53186655959.576744
2000000,8,"(10, 10, 10)",process,3,0.037744542001746595,1000,52987793.5704572,52987793570.4572
2000000,8,"(10, 10, 10)",process,4,0.037607167032547295,1000,53181352.3275787,53181352327.5787
2000000,12,"(4, 4, 4)",process,0,0.037254749971907586,64,53684429.54275966,3435803490.736618
2000000,12,"(4, 4, 4)",process,1,0.037219833000563085,64,53734792.41483278,3439026714.549298
2000000,12,"(4, 4, 4)",process,2,0.03720445901853964,64,53756997.21916033,3440447822.0262613
2000000,12,"(4, 4, 4)",process,3,0.0374293330241926,64,53434027.22958734,3419777742.6935897
2000000,12,"(4, 4, 4)",process,4,0.03754166600992903,64,53274140.77657181,3409545009.700596
2000000,12,"(6, 6, 6)",process,0,0.037944709009025246,216,52708270.85600511,11384986504.897104
2000000,12,"(6, 6, 6)",process,1,0.03815529099665582,216,52417369.852461435,11322151888.13167
2000000,12,"(6, 6, 6)",process,2,0.03742700000293553,216,53437358.05282638,11542469339.4105
2000000,12,"(6, 6, 6)",process,3,0.037175208039116114,216,53799295.43085759,11620647813.065239
2000000,12,"(6, 6, 6)",process,4,0.03737233398715034,216,53515523.02533891,11559352973.473204
2000000,12,"(8, 8, 8)",process,0,0.03732229204615578,512,53587276.94233348,27436685794.474743
2000000,12,"(8, 8, 8)",process,1,0.03770095796789974,512,53049049.88628905,27161113541.779995
2000000,12,"(8, 8, 8)",process,2,0.03729483304778114,512,53626731.5485138,27456886552.839066
2000000,12,"(8, 8, 8)",process,3,0.03755866701249033,512,53250026.13471052,27264013380.971786
2000000,12,"(8, 8, 8)",process,4,0.037520833022426814,512,53303720.59715645,27291504945.744102
2000000,12,"(10, 10, 10)",process,0,0.037614500033669174,1000,53170984.54611325,53170984546.11325
2000000,12,"(10, 10, 10)",process,1,0.037417625018861145,1000,53450746.78021007,53450746780.21007
2000000,12,"(10, 10, 10)",process,2,0.03764258301816881,1000,53131316.70679101,53131316706.791016
2000000,12,"(10, 10, 10)",process,3,0.03751029202248901,1000,53318699.806466855,53318699806.46685
2000000,12,"(10, 10, 10)",process,4,0.03757449996192008,1000,53227587.91273077,53227587912.73077
